GEOID,NAME,TRACTCE,STATEFP,COUNTYFP,GEOIDFQ,NAMELSAD,INTPTLAT,INTPTLON,median_rent,vacancy_rate_rental,median_rooms,renter_share,owner_share,recent_movers_share,overcrowded_share,rent_burden35_share,bed_0_share,bed_1_share,bed_2_share,bed_3_share,bed_4_share,bed_5p_share
11001005302,53.02,5302,11,1,1400000US11001005302,Census Tract 53.02,38.9124517,-77.0386443,2535.0,0.0,3.3,0.6693648816936488,0.3306351183063512,0.25404732254047324,0.04296388542963885,0.24118207816968543,0.14857142857142858,0.396,0.3554285714285714,0.048,0.016,0.036
11001004402,44.02,4402,11,1,1400000US11001004402,Census Tract 44.02,38.9155152,-77.0270354,3152.0,16.1,4.5,0.5632090761750406,0.4367909238249595,0.11102106969205834,0.029173419773095625,0.1971223021582734,0.10121168923734854,0.18602993585174626,0.36136849607982896,0.2466143977191732,0.10477548111190306,0.0
11001010602,106.02,10602,11,1,1400000US11001010602,Census Tract 106.02,38.9033936,-76.9994636,2836.0,4.5,3.5,0.6994236311239193,0.3005763688760807,0.3207492795389049,0.0,0.26186511240632804,0.0959119496855346,0.3490566037735849,0.25366876310272535,0.20885744234800838,0.08909853249475891,0.0034067085953878406
11001000804,8.04,804,11,1,1400000US11001000804,Census Tract 8.04,38.9221746,-77.0918347,1956.0,0.0,10.0,0.19283970707892595,0.807160292921074,0.08787632221318145,0.0,0.16666666666666666,0.0,0.14264919941775836,0.11790393013100436,0.20160116448326054,0.23435225618631733,0.3034934497816594
11001003902,39.02,3902,11,1,1400000US11001003902,Census Tract 39.02,38.9257717,-77.0452397,2211.0,16.3,3.3,0.4704724409448819,0.5295275590551181,0.1889763779527559,0.0,0.27615062761506276,0.20306513409961685,0.4574712643678161,0.15938697318007664,0.11647509578544062,0.013026819923371647,0.05057471264367816
11001000903,9.03,903,11,1,1400000US11001000903,Census Tract 9.03,38.9376821,-77.093331,1625.0,0.0,10.0,0.12041884816753927,0.8795811518324608,0.13089005235602094,0.0,0.5757575757575758,0.0,0.0,0.08838383838383838,0.34595959595959597,0.19444444444444445,0.3712121212121212
11001001004,10.04,1004,11,1,1400000US11001001004,Census Tract 10.04,38.9487665,-77.0853886,1464.0,7.0,7.7,0.24,0.76,0.05161290322580645,0.0,0.5809128630705395,0.1366087477531456,0.08687837028160575,0.11024565608148593,0.2840023966446974,0.201318154583583,0.18094667465548234
11001000102,1.02,102,11,1,1400000US11001000102,Census Tract 1.02,38.905422,-77.0620045,3501.0,11.0,5.2,0.3377049180327869,0.6622950819672131,0.06666666666666667,0.0,0.36283185840707965,0.07657453556864521,0.21024014499320345,0.28318985047575895,0.22972360670593567,0.12868146805618486,0.07159039420027186
11001003701,37.01,3701,11,1,1400000US11001003701,Census Tract 37.01,38.9214487,-77.0342887,2215.0,0.0,3.4,0.6711610486891386,0.32883895131086144,0.2539325842696629,0.035955056179775284,0.4492099322799097,0.12599565532223025,0.30919623461259954,0.4851556842867487,0.07965242577842144,0.0,0.0
11001002504,25.04,2504,11,1,1400000US11001002504,Census Tract 25.04,38.9394498,-77.0329275,1599.0,2.4,3.3,0.376271186440678,0.6237288135593221,0.1430508474576271,0.061016949152542375,0.16396396396396395,0.11898395721925134,0.36564171122994654,0.18783422459893048,0.20320855614973263,0.11831550802139038,0.006016042780748663
11001000101,1.01,101,11,1,1400000US11001000101,Census Tract 1.01,38.9076994,-77.0547765,2590.0,12.7,3.4,0.45703611457036114,0.5429638854296388,0.1780821917808219,0.007471980074719801,0.21798365122615804,0.16703786191536749,0.4922048997772829,0.18485523385300667,0.05011135857461024,0.05011135857461024,0.0556792873051225
11001000703,7.03,703,11,1,1400000US11001000703,Census Tract 7.03,38.9290941,-77.0790462,2317.0,12.5,4.1,0.3903088391906283,0.6096911608093717,0.16719914802981894,0.0,0.3352192362093352,0.08538220831470719,0.43585158694680376,0.35762181493071077,0.11712114438980778,0.0,0.004023245417970496
11001003901,39.01,3901,11,1,1400000US11001003901,Census Tract 39.01,38.9254851,-77.0401076,2224.0,6.7,3.5,0.8903712296983759,0.10962877030162413,0.1902552204176334,0.014501160092807424,0.18436482084690553,0.13027989821882952,0.6106870229007634,0.21424936386768448,0.014758269720101781,0.014758269720101781,0.015267175572519083
11001004401,44.01,4401,11,1,1400000US11001004401,Census Tract 44.01,38.9186825,-77.0282129,3230.0,10.9,3.5,0.4954521134296415,0.5045478865703584,0.2108079186730872,0.016051364365971106,0.2861771058315335,0.057615230460921846,0.3787575150300601,0.49799599198396793,0.042585170340681364,0.023046092184368736,0.0
11001001003,10.03,1003,11,1,1400000US11001001003,Census Tract 10.03,38.9492362,-77.0930741,3501.0,0.0,8.1,0.1,0.9,0.06476190476190476,0.0,0.3855421686746988,0.0,0.0,0.04666666666666667,0.41333333333333333,0.3219047619047619,0.2180952380952381
11001003802,38.02,3802,11,1,1400000US11001003802,Census Tract 38.02,38.922971,-77.0393505,2520.0,3.8,3.1,0.6973871733966746,0.3026128266033254,0.25463182897862235,0.033729216152019,0.32716927453769556,0.20372050816696916,0.3915607985480944,0.32441016333938294,0.06760435571687841,0.003629764065335753,0.009074410163339383
11001002703,27.03,2703,11,1,1400000US11001002703,Census Tract 27.03,38.9334921,-77.0397435,1838.0,9.2,3.6,0.5491433724075744,0.4508566275924256,0.25788999098286747,0.018935978358881875,0.38095238095238093,0.1497545008183306,0.29623567921440264,0.3044189852700491,0.14566284779050737,0.06792144026186579,0.03600654664484452
11001003702,37.02,3702,11,1,1400000US11001003702,Census Tract 37.02,38.9249042,-77.0343972,2227.0,6.9,2.7,0.8025099075297226,0.1974900924702774,0.15389696169088507,0.02774108322324967,0.27554438860971525,0.23758228605625373,0.5068821065230401,0.1855176540993417,0.05146618791143028,0.008976660682226212,0.009575104727707959
11001000803,8.03,803,11,1,1400000US11001000803,Census Tract 8.03,38.9336425,-77.0835217,2917.0,13.3,3.9,0.3060747663551402,0.6939252336448598,0.20171339563862928,0.0,0.7680412371134021,0.07707253886010362,0.29015544041450775,0.4410621761658031,0.1878238341968912,0.0,0.0038860103626943004
11001003801,38.01,3801,11,1,1400000US11001003801,Census Tract 38.01,38.9197759,-77.0389415,2112.0,10.2,3.5,0.5727181544633901,0.4272818455366098,0.1374122367101304,0.020060180541624874,0.25569176882662,0.2184557438794727,0.2890772128060264,0.3870056497175141,0.06779661016949153,0.018832391713747645,0.018832391713747645
11001000904,9.04,904,11,1,1400000US11001000904,Census Tract 9.04,38.9366243,-77.1036767,1324.0,10.8,10.0,0.23509655751469352,0.7649034424853065,0.08228379513014274,0.0,0.3178294573643411,0.011737089201877934,0.15023474178403756,0.04929577464788732,0.11580594679186229,0.2715179968701095,0.4014084507042254
11001000704,7.04,704,11,1,1400000US11001000704,Census Tract 7.04,38.9300215,-77.0752384,1817.0,7.8,3.3,0.6502057613168725,0.3497942386831276,0.15569272976680384,0.02194787379972565,0.4219409282700422,0.1824985607369027,0.38399539435808866,0.1732872769142199,0.10420264824409903,0.1180195739781232,0.037996545768566495
11001001304,13.04,1304,11,1,1400000US11001001304,Census Tract 13.04,38.9367508,-77.0554702,2282.0,0.7,2.9,0.7860714285714285,0.21392857142857144,0.12607142857142858,0.017857142857142856,0.26587482868889906,0.3060019678583142,0.5480485405050837,0.1197113807805838,0.017054772056411937,0.0045916693998032145,0.0045916693998032145
11001001303,13.03,1303,11,1,1400000US11001001303,Census Tract 13.03,38.9446266,-77.0589323,2258.0,0.0,3.1,0.6581045172719221,0.34189548272807796,0.25022143489813997,0.04074402125775022,0.3006219765031099,0.15849056603773584,0.5735849056603773,0.20167714884696017,0.02012578616352201,0.042767295597484274,0.0033542976939203353
11001002704,27.04,2704,11,1,1400000US11001002704,Census Tract 27.04,38.9345766,-77.0427534,1755.0,13.8,2.0,0.8381538461538461,0.16184615384615383,0.15569230769230769,0.032,0.3443465491923642,0.4553343542623788,0.35273098519652885,0.03879530372639101,0.1138335885655947,0.013782542113323124,0.025523226135783564
11001002503,25.03,2503,11,1,1400000US11001002503,Census Tract 25.03,38.9386375,-77.0271734,1841.0,10.2,2.9,0.7208211143695015,0.27917888563049853,0.1718475073313783,0.05337243401759531,0.13310867733782644,0.10702875399361023,0.5266240681576145,0.12034078807241747,0.12513312034078808,0.11501597444089456,0.005857294994675187
11001005601,56.01,5601,11,1,1400000US11001005601,Census Tract 56.01,38.901567,-77.0524317,1957.0,6.6,2.5,0.7530120481927711,0.2469879518072289,0.3107429718875502,0.03112449799196787,0.44887599709934733,0.4319395017793594,0.39234875444839856,0.11209964412811388,0.06361209964412812,0.0,0.0
11001005501,55.01,5501,11,1,1400000US11001005501,Census Tract 55.01,38.9052766,-77.0494324,2717.0,21.2,3.4,0.5601888276947286,0.43981117230527145,0.3147128245476003,0.014948859166011016,0.28936170212765955,0.14785276073619633,0.36319018404907977,0.349079754601227,0.13987730061349693,0.0,0.0
11001005602,56.02,5602,11,1,1400000US11001005602,Census Tract 56.02,38.8988888,-77.0554558,2217.0,11.0,2.7,0.5723684210526315,0.4276315789473684,0.18269230769230768,0.04149797570850203,0.505607476635514,0.27525819488100584,0.3888639425235743,0.24651998203861697,0.08935788055680287,0.0,0.0
11001005502,55.02,5502,11,1,1400000US11001005502,Census Tract 55.02,38.9101768,-77.0463615,2263.0,0.0,2.6,0.7046764894298526,0.29532351057014733,0.25624599615631005,0.013452914798206279,0.3266239707227813,0.36379821958456976,0.3685459940652819,0.17329376854599407,0.06112759643916914,0.006528189910979229,0.026706231454005934
11001005303,53.03,5303,11,1,1400000US11001005303,Census Tract 53.03,38.909613,-77.0391656,2144.0,16.9,2.6,0.4488664987405542,0.5511335012594458,0.19345088161209067,0.00654911838790932,0.446229913473424,0.4375,0.3728298611111111,0.17100694444444445,0.011284722222222222,0.007378472222222222,0.0
11001010202,102.02,10202,11,1,1400000US11001010202,Census Tract 102.02,38.8843563,-77.024577,2035.0,8.9,3.2,0.6560392397302268,0.3439607602697731,0.22194972409564684,0.0,0.3941398865784499,0.08445945945945946,0.49268018018018017,0.18524774774774774,0.20382882882882883,0.018581081081081082,0.015202702702702704
11001980000,9800.0,980000,11,1,1400000US11001980000,Census Tract 9800,38.8809933,-77.0363219,,0.0,,1.0,0.0,0.0,0.0,0.0,0.0,1.0,0.0,0.0,0.0,0.0
11001007202,72.02,7202,11,1,1400000US11001007202,Census Tract 72.02,38.8786426,-77.0070741,2808.0,7.7,2.9,0.9160878021672687,0.08391219783273131,0.4609613781606002,0.009724923589886079,0.26413940690920207,0.12474849094567404,0.5782193158953722,0.2854627766599598,0.011569416498993963,0.0,0.0
11001005202,52.02,5202,11,1,1400000US11001005202,Census Tract 52.02,38.911127,-77.0344946,2720.0,12.4,3.1,0.42932692307692305,0.5706730769230769,0.17596153846153847,0.011057692307692308,0.20044792833146696,0.1346328195829556,0.36944696282864914,0.3739800543970988,0.08522212148685404,0.025385312783318223,0.011332728921124207
11001005203,52.03,5203,11,1,1400000US11001005203,Census Tract 52.03,38.9077655,-77.0331441,2159.0,10.6,2.2,0.8213981244671782,0.17860187553282184,0.236999147485081,0.05839727195225917,0.1903470715835141,0.35553047404063204,0.5199398043641836,0.07110609480812641,0.04138449962377728,0.006395786305492852,0.0056433408577878106
11001005003,50.03,5003,11,1,1400000US11001005003,Census Tract 50.03,38.9074041,-77.0307609,2318.0,0.0,2.9,0.7224709042076992,0.2775290957923008,0.26678603401969564,0.0,0.19972826086956522,0.10601001669449082,0.3814691151919866,0.4766277128547579,0.019198664440734557,0.008347245409015025,0.008347245409015025
11001005004,50.04,5004,11,1,1400000US11001005004,Census Tract 50.04,38.907252,-77.0283862,2025.0,6.9,2.5,0.6949227373068433,0.3050772626931567,0.1196467991169978,0.03443708609271523,0.41452442159383035,0.3159432387312187,0.40442404006677796,0.1994991652754591,0.08013355592654424,0.0,0.0
11001007201,72.01,7201,11,1,1400000US11001007201,Census Tract 72.01,38.8738481,-76.9999179,2732.0,5.9,2.9,0.8516068052930057,0.14839319470699433,0.4546313799621928,0.014650283553875236,0.1860986547085202,0.1032285471537808,0.5165675446049278,0.37383177570093457,0.0,0.0,0.006372132540356839
11001005802,58.02,5802,11,1,1400000US11001005802,Census Tract 58.02,38.8979674,-77.0265766,3449.0,16.3,2.8,0.6854425749817118,0.3145574250182882,0.2377468910021946,0.0073152889539136795,0.37216828478964403,0.08533653846153846,0.5931490384615384,0.2854567307692308,0.036057692307692304,0.0,0.0
11001004703,47.03,4703,11,1,1400000US11001004703,Census Tract 47.03,38.9034762,-77.0170713,1804.0,11.9,2.8,0.7995824634655533,0.20041753653444677,0.14926931106471816,0.01826722338204593,0.3558421851289833,0.09809725158562368,0.6152219873150105,0.2714587737843552,0.00718816067653277,0.0,0.008033826638477801
11001004704,47.04,4704,11,1,1400000US11001004704,Census Tract 47.04,38.904566,-77.0114767,,6.2,3.3,0.9285714285714286,0.07142857142857142,0.4381868131868132,0.038461538461538464,0.5592105263157895,0.08942065491183879,0.4596977329974811,0.2695214105793451,0.181360201511335,0.0,0.0
11001010603,106.03,10603,11,1,1400000US11001010603,Census Tract 106.03,38.9011144,-77.0063567,2451.0,3.0,2.5,1.0,0.0,0.31395980445410104,0.0,0.34437805540467137,0.3323713323713324,0.3189033189033189,0.3088023088023088,0.03367003367003367,0.0,0.006253006253006253
11001010601,106.01,10601,11,1,1400000US11001010601,Census Tract 106.01,38.907653,-77.0063018,2613.0,13.7,2.8,1.0,0.0,0.31981637337413926,0.045906656465187455,0.36269015212169736,0.09533073929961089,0.4792477302204929,0.4079118028534371,0.017509727626459144,0.0,0.0
11001011002,110.02,11002,11,1,1400000US11001011002,Census Tract 110.02,38.8681789,-77.0182455,2264.0,29.4,3.4,0.24755989352262645,0.7524401064773736,0.11446317657497782,0.0,0.5714285714285714,0.2099487929773226,0.4542794440380395,0.28895391367959034,0.0,0.04681784930504755,0.0
11001010201,102.01,10201,11,1,1400000US11001010201,Census Tract 102.01,38.8779576,-77.0184625,2487.0,13.2,2.6,0.9537126325940212,0.04628736740597879,0.18611378977820636,0.027483124397299902,0.33106338397066526,0.08199423156159868,0.6592501030078286,0.21508034610630408,0.024721878862793572,0.018541409147095178,0.00041203131437989287
11001011001,110.01,11001,11,1,1400000US11001011001,Census Tract 110.01,38.8741656,-77.0157419,2271.0,8.8,3.7,0.5348516218081435,0.46514837819185645,0.137336093857833,0.024844720496894408,0.2928759894459103,0.0692167577413479,0.4395871281117183,0.30297510625379476,0.1408621736490589,0.04735883424408015,0.0
11001007203,72.03,7203,11,1,1400000US11001007203,Census Tract 72.03,38.8781777,-76.9994857,2575.0,14.3,2.6,0.796875,0.203125,0.27447916666666666,0.044270833333333336,0.12857142857142856,0.15203900709219859,0.5500886524822695,0.1347517730496454,0.11702127659574468,0.04609929078014184,0.0
11001009510,95.1,9510,11,1,1400000US11001009510,Census Tract 95.10,38.9455978,-77.0046255,1576.0,2.1,3.8,0.7506493506493507,0.24935064935064935,0.2348051948051948,0.03012987012987013,0.43561442236938924,0.08571428571428572,0.3147869674185464,0.3744360902255639,0.10175438596491228,0.09423558897243108,0.029072681704260653
11001009511,95.11,9511,11,1,1400000US11001009511,Census Tract 95.11,38.9372097,-77.0010516,,,,,,,,,,,,,,
11001005503,55.03,5503,11,1,1400000US11001005503,Census Tract 55.03,38.9062488,-77.0523495,3396.0,6.1,3.2,0.6243697478991597,0.37563025210084033,0.3058823529411765,0.0,0.5145929339477726,0.0444015444015444,0.51994851994852,0.3944658944658945,0.04118404118404118,0.0,0.0
11001005801,58.01,5801,11,1,1400000US11001005801,Census Tract 58.01,38.8975634,-77.0205095,2685.0,25.4,2.9,0.5226449275362319,0.4773550724637681,0.125,0.0,0.22456140350877193,0.11923583662714098,0.5988142292490118,0.25691699604743085,0.025032938076416336,0.0,0.0
11001010900,109.0,10900,11,1,1400000US11001010900,Census Tract 109,38.8132364,-77.0238475,1336.0,5.7,3.8,0.991130820399113,0.008869179600886918,0.07243163340724317,0.03621581670362158,0.5752988047808765,0.10849056603773585,0.2917789757412399,0.5074123989218329,0.09231805929919137,0.0,0.0
11001010400,104.0,10400,11,1,1400000US11001010400,Census Tract 104,38.8512668,-77.0009082,1192.0,8.8,3.6,0.564773735581189,0.435226264418811,0.07897071872227152,0.0,0.43617021276595747,0.10835665733706518,0.36825269892043183,0.32227109156337463,0.13474610155937625,0.052778888444622155,0.013594562175129948
11001009903,99.03,9903,11,1,1400000US11001009903,Census Tract 99.03,38.888318,-76.9212121,1458.0,10.5,6.2,0.2663690476190476,0.7336309523809523,0.10863095238095238,0.0,0.6518518518518519,0.010471204188481676,0.0,0.1518324607329843,0.5850785340314136,0.23036649214659685,0.02225130890052356
11001009904,99.04,9904,11,1,1400000US11001009904,Census Tract 99.04,38.8851712,-76.9311353,1247.0,2.4,5.4,0.5372918175235337,0.46270818247646633,0.07603186097031137,0.0,0.4449213161659514,0.034340659340659344,0.20192307692307693,0.33379120879120877,0.3179945054945055,0.10096153846153846,0.01098901098901099
11001009905,99.05,9905,11,1,1400000US11001009905,Census Tract 99.05,38.8843295,-76.9250522,1399.0,12.8,5.4,0.3886703383162864,0.6113296616837136,0.02675059008654603,0.0,0.6072874493927125,0.0,0.19469026548672566,0.27161334240980256,0.4268209666439755,0.08304969366916269,0.023825731790333562
11001009906,99.06,9906,11,1,1400000US11001009906,Census Tract 99.06,38.8879464,-76.9359151,1201.0,9.2,4.0,0.5533333333333333,0.44666666666666666,0.07333333333333333,0.021333333333333333,0.42455242966751916,0.046349942062572425,0.28041714947856317,0.5353418308227115,0.12282734646581692,0.015063731170336037,0.0
11001002102,21.02,2102,11,1,1400000US11001002102,Census Tract 21.02,38.9557854,-77.0142356,1417.0,7.7,3.8,0.44192997438087106,0.558070025619129,0.04696840307429547,0.056789069171648165,0.2673170731707317,0.00880551301684533,0.4203675344563553,0.20329249617151607,0.2572741194486983,0.10566615620214395,0.004594180704441042
11001002201,22.01,2201,11,1,1400000US11001002201,Census Tract 22.01,38.9491337,-77.0232932,953.0,0.0,7.3,0.0720081135902637,0.9279918864097363,0.11561866125760649,0.0,0.43661971830985913,0.0,0.02345215759849906,0.06848030018761726,0.4634146341463415,0.40431519699812385,0.040337711069418386
11001002202,22.02,2202,11,1,1400000US11001002202,Census Tract 22.02,38.9479653,-77.0118821,1423.0,14.6,5.4,0.44751381215469616,0.5524861878453039,0.022099447513812154,0.06393054459352802,0.4532627865961199,0.027586206896551724,0.31517241379310346,0.16137931034482758,0.30896551724137933,0.17517241379310344,0.011724137931034483
11001002301,23.01,2301,11,1,1400000US11001002301,Census Tract 23.01,38.942552,-77.0165915,1710.0,0.0,6.3,0.23960066555740434,0.7603993344425957,0.1048252911813644,0.013311148086522463,0.8212927756653993,0.019011406844106463,0.07224334600760456,0.19011406844106463,0.5148288973384031,0.1612167300380228,0.04258555133079848
11001006400,64.0,6400,11,1,1400000US11001006400,Census Tract 64,38.8688572,-77.0114342,1687.0,16.3,3.4,0.8351254480286738,0.16487455197132617,0.2986857825567503,0.007765830346475508,0.34238310708898945,0.13737075332348597,0.2668636139832595,0.42688330871491875,0.13392417528311176,0.024618414574101428,0.0103397341211226
11001006500,65.0,6500,11,1,1400000US11001006500,Census Tract 65,38.883848,-77.0033314,2277.0,23.8,3.3,0.3128205128205128,0.6871794871794872,0.14065934065934066,0.0,0.2558139534883721,0.1453308596165739,0.36672850958565245,0.21397649969078542,0.16388373531230674,0.07421150278293136,0.035868893011750155
11001006600,66.0,6600,11,1,1400000US11001006600,Census Tract 66,38.8877585,-76.9982439,2829.0,6.1,4.4,0.5875343721356554,0.41246562786434465,0.09899175068744272,0.0,0.2288135593220339,0.03885804916732752,0.30927835051546393,0.41792228390166536,0.09754163362410785,0.10547184773988898,0.030927835051546393
11001006700,67.0,6700,11,1,1400000US11001006700,Census Tract 67,38.8875984,-76.989959,1983.0,0.0,5.7,0.32343076185912795,0.6765692381408721,0.12793483469094394,0.0,0.35834896810506567,0.0438512869399428,0.16682554814108674,0.2726406101048618,0.25929456625357483,0.19876072449952337,0.05862726406101049
11001006802,68.02,6802,11,1,1400000US11001006802,Census Tract 68.02,38.8832158,-76.9814483,2762.0,0.0,5.8,0.43349282296650715,0.5665071770334928,0.22009569377990432,0.0,0.11258278145695365,0.016814159292035398,0.12035398230088495,0.29469026548672567,0.40353982300884955,0.15309734513274337,0.011504424778761062
11001007408,74.08,7408,11,1,1400000US11001007408,Census Tract 74.08,38.8525662,-76.9706266,1272.0,5.8,4.1,0.989451476793249,0.010548523206751054,0.1540084388185654,0.0035161744022503515,0.49385749385749383,0.0,0.2420785804816223,0.44930291508238274,0.3086185044359949,0.0,0.0
11001007409,74.09,7409,11,1,1400000US11001007409,Census Tract 74.09,38.8445818,-76.975165,866.0,1.4,4.3,0.7394526795895097,0.26054732041049034,0.07753705815279362,0.07468643101482327,0.6022275258552108,0.06829539144919489,0.2059966685174903,0.4480843975569128,0.24042198778456414,0.03720155469183787,0.0
11001007809,78.09,7809,11,1,1400000US11001007809,Census Tract 78.09,38.9015402,-76.9321955,1417.0,9.2,5.2,0.36325503355704697,0.636744966442953,0.1040268456375839,0.0,0.7113821138211383,0.01911764705882353,0.16691176470588234,0.3941176470588235,0.3382352941176471,0.05073529411764706,0.030882352941176472
11001007903,79.03,7903,11,1,1400000US11001007903,Census Tract 79.03,38.8964252,-76.9743021,,9.7,5.6,0.2926208651399491,0.7073791348600509,0.13358778625954199,0.0,0.34347826086956523,0.015401540154015401,0.13641364136413642,0.44004400440044006,0.3333333333333333,0.05500550055005501,0.019801980198019802
11001008001,80.01,8001,11,1,1400000US11001008001,Census Tract 80.01,38.8961726,-76.9866524,2189.0,22.5,5.5,0.24635669673837612,0.7536433032616239,0.17002081887578072,0.006245662734212352,0.17717717717717718,0.032504780114722756,0.14276609305289995,0.24346717654557043,0.48311026131293816,0.09177820267686425,0.006373486297004461
11001009400,94.0,9400,11,1,1400000US11001009400,Census Tract 94,38.9368061,-76.9742464,1103.0,0.0,7.6,0.18063818280151434,0.8193618171984857,0.05408328826392644,0.0,0.1814516129032258,0.00935064935064935,0.08415584415584415,0.13402597402597402,0.3922077922077922,0.24467532467532468,0.13558441558441559
11001009503,95.03,9503,11,1,1400000US11001009503,Census Tract 95.03,38.9434458,-76.9845276,1583.0,0.0,7.6,0.09983361064891846,0.9001663893510815,0.04492512479201331,0.0,0.42857142857142855,0.0,0.0,0.009531374106433678,0.73868149324861,0.14614773629864972,0.10563939634630659
11001009504,95.04,9504,11,1,1400000US11001009504,Census Tract 95.04,38.9409032,-76.9931121,1555.0,2.3,6.4,0.37891268533772654,0.6210873146622735,0.07742998352553541,0.0,0.34782608695652173,0.02388535031847134,0.1464968152866242,0.2269108280254777,0.22054140127388536,0.3343949044585987,0.04777070063694268
11001009505,95.05,9505,11,1,1400000US11001009505,Census Tract 95.05,38.9618925,-77.0051999,1841.0,4.3,5.4,0.4136825227151256,0.5863174772848744,0.12453233564938536,0.019241047568145375,0.43346508563899866,0.15707070707070708,0.14595959595959596,0.19797979797979798,0.4065656565656566,0.08686868686868687,0.005555555555555556
11001009907,99.07,9907,11,1,1400000US11001009907,Census Tract 99.07,38.8827718,-76.9388146,757.0,10.1,4.8,0.738831615120275,0.2611683848797251,0.03665521191294387,0.0,0.09980430528375733,0.0,0.3178368121442125,0.5275142314990512,0.15464895635673626,0.0,0.0
11001002501,25.01,2501,11,1,1400000US11001002501,Census Tract 25.01,38.9446515,-77.0317348,1424.0,0.0,6.0,0.4018867924528302,0.5981132075471698,0.11037735849056604,0.0,0.2934272300469484,0.05622119815668203,0.2921658986175115,0.05806451612903226,0.2764976958525346,0.1889400921658986,0.12811059907834102
11001002302,23.02,2302,11,1,1400000US11001002302,Census Tract 23.02,38.934127,-77.0095843,2152.0,25.8,1.4,0.7562724014336918,0.24372759856630824,0.06810035842293907,0.0,0.33889816360601,0.5849227974568574,0.14259763851044505,0.2688465031789282,0.0036330608537693005,0.0,0.0
11001002400,24.0,2400,11,1,1400000US11001002400,Census Tract 24,38.9417822,-77.0224058,2293.0,0.0,6.0,0.29271523178807946,0.7072847682119205,0.1543046357615894,0.023178807947019868,0.29638009049773756,0.07659313725490197,0.14154411764705882,0.10661764705882353,0.43014705882352944,0.19301470588235295,0.052083333333333336
11001007000,70.0,7000,11,1,1400000US11001007000,Census Tract 70,38.8812697,-76.9959451,2519.0,22.6,4.7,0.4304635761589404,0.5695364238410596,0.18353831598864712,0.008514664143803218,0.21261682242990654,0.007317073170731708,0.2926829268292683,0.4138211382113821,0.2040650406504065,0.07560975609756097,0.0065040650406504065
11001007100,71.0,7100,11,1,1400000US11001007100,Census Tract 71,38.8771811,-76.986838,2063.0,9.8,3.8,0.5105028644175684,0.4894971355824316,0.16231699554423934,0.0,0.38154613466334164,0.0,0.3403019744483159,0.4448315911730546,0.17828106852497097,0.030197444831591175,0.006387921022067364
11001006900,69.0,6900,11,1,1400000US11001006900,Census Tract 69,38.8836933,-76.9873112,2374.0,3.8,4.2,0.4547413793103448,0.5452586206896551,0.2823275862068966,0.01939655172413793,0.19072164948453607,0.09335963182117028,0.20973044049967127,0.3425378040762656,0.2314266929651545,0.09664694280078895,0.026298487836949377
11001009507,95.07,9507,11,1,1400000US11001009507,Census Tract 95.07,38.9584945,-76.9977787,,0.0,6.3,0.09028960817717206,0.909710391822828,0.05110732538330494,0.0,0.5510204081632653,0.0,0.027287319422150885,0.06420545746388442,0.7447833065810594,0.12520064205457465,0.038523274478330656
11001009508,95.08,9508,11,1,1400000US11001009508,Census Tract 95.08,38.9536826,-76.9985582,2190.0,5.3,4.1,0.7164893617021276,0.2835106382978723,0.13882978723404255,0.018085106382978722,0.2561851556264964,0.06666666666666667,0.2454320987654321,0.2785185185185185,0.33728395061728395,0.07209876543209877,0.0
11001009509,95.09,9509,11,1,1400000US11001009509,Census Tract 95.09,38.949214,-76.9950319,2769.0,0.0,6.7,0.06051873198847262,0.9394812680115274,0.0936599423631124,0.0,0.0,0.0,0.019830028328611898,0.136685552407932,0.7379603399433428,0.10552407932011332,0.0
11001009700,97.0,9700,11,1,1400000US11001009700,Census Tract 97,38.8354183,-76.9870248,,1.9,4.7,0.6208821887213847,0.3791178112786153,0.030709101060859854,0.0,0.2575187969924812,0.023072889355007866,0.35186156266387,0.24750917671735712,0.18038804404824332,0.19716832721552177,0.0
11001009801,98.01,9801,11,1,1400000US11001009801,Census Tract 98.01,38.8328939,-76.9963306,774.0,2.9,3.5,0.8780487804878049,0.12195121951219512,0.028003613369467027,0.031616982836495035,0.3116279069767442,0.07504215851602024,0.5767284991568297,0.11045531197301856,0.20236087689713322,0.026981450252951095,0.008431703204047217
11001002801,28.01,2801,11,1,1400000US11001002801,Census Tract 28.01,38.9349477,-77.0345166,1906.0,4.4,2.9,0.7535596933187295,0.24644030668127054,0.16976998904709747,0.08488499452354874,0.3065859197577593,0.18423799582463465,0.49269311064718163,0.15657620041753653,0.050626304801670144,0.09133611691022965,0.024530271398747392
11001002802,28.02,2802,11,1,1400000US11001002802,Census Tract 28.02,38.9294344,-77.0346327,1595.0,2.9,2.3,0.7907578558225509,0.20924214417744916,0.12310536044362293,0.06062846580406654,0.2613412228796844,0.37955940772842184,0.3983387504514265,0.1697363669194655,0.04911520404478151,0.0032502708559046588,0.0
11001004001,40.01,4001,11,1,1400000US11001004001,Census Tract 40.01,38.9208772,-77.0462939,2234.0,0.0,3.2,0.5388127853881278,0.4611872146118721,0.10709838107098381,0.038190120381901206,0.19891640866873064,0.18847539015606243,0.4545818327330932,0.17807122849139656,0.10044017607042817,0.026810724289715888,0.05162064825930372
11001004002,40.02,4002,11,1,1400000US11001004002,Census Tract 40.02,38.9181186,-77.0437209,2495.0,7.4,3.3,0.6606205250596658,0.3393794749403341,0.29832935560859186,0.0,0.24891146589259797,0.2443784471786169,0.3071701315231226,0.32626219770895204,0.07042851081883751,0.026304624522698345,0.025456088247772592
11001003600,36.0,3600,11,1,1400000US11001003600,Census Tract 36,38.9236744,-77.0296273,2019.0,8.6,3.4,0.7068505338078291,0.2931494661921708,0.19884341637010677,0.0,0.1420345489443378,0.08067158067158067,0.41113841113841115,0.2497952497952498,0.12612612612612611,0.05896805896805897,0.0733005733005733
11001004201,42.01,4201,11,1,1400000US11001004201,Census Tract 42.01,38.9162076,-77.0388456,2411.0,13.7,3.6,0.6846473029045643,0.3153526970954357,0.23132780082987553,0.0,0.1460415065334358,0.11082802547770701,0.38980891719745225,0.354140127388535,0.10445859872611465,0.031422505307855626,0.009341825902335456
11001004202,42.02,4202,11,1,1400000US11001004202,Census Tract 42.02,38.9134023,-77.0430254,2122.0,0.0,2.8,0.7715170278637771,0.2284829721362229,0.27058823529411763,0.006811145510835914,0.18946474086661003,0.26123936816524906,0.46111786148238154,0.18894289185905225,0.03402187120291616,0.004860267314702308,0.04981773997569866
11001007407,74.07,7407,11,1,1400000US11001007407,Census Tract 74.07,38.8574823,-76.9850206,1260.0,6.8,5.0,0.5403602401601068,0.45963975983989325,0.14609739826551035,0.00600400266844563,0.5585241730279898,0.0054446460980036296,0.1294615849969752,0.4476709013914096,0.33030852994555354,0.08711433756805807,0.0
11001006801,68.01,6801,11,1,1400000US11001006801,Census Tract 68.01,38.8877413,-76.9801087,1941.0,5.5,5.4,0.40058479532163743,0.5994152046783626,0.1968810916179337,0.0,0.26666666666666666,0.0917516218721038,0.16311399443929564,0.23169601482854496,0.30213160333642264,0.1417979610750695,0.06950880444856349
11001010700,107.0,10700,11,1,1400000US11001010700,Census Tract 107,38.9039988,-77.0419809,2348.0,10.1,2.4,0.7332268370607029,0.26677316293929715,0.2987220447284345,0.03274760383386582,0.39756367663344405,0.4218852999340804,0.2972972972972973,0.2742254449571523,0.0065919578114700065,0.0,0.0
11001009604,96.04,9604,11,1,1400000US11001009604,Census Tract 96.04,38.8931572,-76.9585043,1441.0,0.0,5.6,0.32593457943925236,0.6740654205607477,0.018691588785046728,0.0,0.2145748987854251,0.0,0.0695364238410596,0.6567328918322296,0.26379690949227375,0.009933774834437087,0.0
11001000201,2.01,201,11,1,1400000US11001000201,Census Tract 2.01,38.9092171,-77.0743418,,,,,,,,,,,,,,
11001000300,3.0,300,11,1,1400000US11001000300,Census Tract 3,38.9179099,-77.0748728,2083.0,0.0,6.2,0.4065843621399177,0.5934156378600823,0.15473251028806584,0.0,0.33724653148345785,0.022556390977443608,0.2570712495524526,0.12996777658431793,0.2613677049767275,0.21732903687790905,0.11170784103114931
11001000400,4.0,400,11,1,1400000US11001000400,Census Tract 4,38.9227989,-77.0649214,3277.0,21.1,5.3,0.45415472779369626,0.5458452722063037,0.16475644699140402,0.0,0.5559322033898305,0.0847457627118644,0.17627118644067796,0.21129943502824858,0.10621468926553672,0.103954802259887,0.31751412429378534
11001000502,5.02,502,11,1,1400000US11001000502,Census Tract 5.02,38.9283547,-77.0595624,2308.0,0.0,4.2,0.44680851063829785,0.5531914893617021,0.1276595744680851,0.016101207590569294,0.3088803088803089,0.0512396694214876,0.3696969696969697,0.25013774104683195,0.10523415977961433,0.12176308539944904,0.10192837465564739
11001004600,46.0,4600,11,1,1400000US11001004600,Census Tract 46,38.9097456,-77.0133001,1994.0,0.0,4.1,0.5761014686248331,0.42389853137516686,0.2109479305740988,0.0,0.2414605418138987,0.060880048221820374,0.22001205545509342,0.35443037974683544,0.24171187462326701,0.09945750452079566,0.023508137432188065
11001004801,48.01,4801,11,1,1400000US11001004801,Census Tract 48.01,38.9117413,-77.0195344,2344.0,0.0,3.9,0.6342123056118999,0.36578769438810005,0.2501690331304936,0.032454361054766734,0.16475972540045766,0.1450189155107188,0.2137452711223203,0.30327868852459017,0.15132408575031525,0.17969735182849936,0.0069356872635561164
11001004802,48.02,4802,11,1,1400000US11001004802,Census Tract 48.02,38.9062118,-77.0188917,2109.0,6.2,3.3,0.7376654632972323,0.26233453670276774,0.273164861612515,0.02045728038507822,0.2543103448275862,0.07612833061446438,0.476889613920609,0.32572050027188687,0.08428493746601413,0.036976617727025554,0.0
11001004902,49.02,4902,11,1,1400000US11001004902,Census Tract 49.02,38.9058867,-77.0243932,2317.0,4.5,3.0,0.6645279560036663,0.3354720439963336,0.2016498625114574,0.0,0.25763888888888886,0.08190976784932107,0.5177398160315374,0.31011826544021026,0.04336399474375821,0.02759526938239159,0.019272886552781428
11001007401,74.01,7401,11,1,1400000US11001007401,Census Tract 74.01,38.8675208,-76.9991203,1164.0,5.7,3.3,0.8279430789133247,0.17205692108667528,0.03234152652005175,0.015523932729624839,0.8036697247706422,0.03436807095343681,0.4722838137472284,0.3203991130820399,0.058758314855875834,0.11419068736141907,0.0
11001007403,74.03,7403,11,1,1400000US11001007403,Census Tract 74.03,38.8484714,-76.9743805,1423.0,7.0,3.9,0.9608247422680413,0.03917525773195876,0.0,0.0,0.8066502463054187,0.012195121951219513,0.1445993031358885,0.6916376306620209,0.15156794425087108,0.0,0.0
11001000600,6.0,600,11,1,1400000US11001000600,Census Tract 6,38.9368114,-77.0675114,1745.0,0.0,6.0,0.3125,0.6875,0.14629629629629629,0.011574074074074073,0.31555555555555553,0.11587232181897683,0.2855268911237429,0.11456055968517709,0.10625273283777875,0.10668998688237866,0.2710975076519458
11001000702,7.02,702,11,1,1400000US11001000702,Census Tract 7.02,38.9241271,-77.077893,1799.0,10.2,3.1,0.7048579285059579,0.29514207149404215,0.15719523373052247,0.05545371219065078,0.4367897727272727,0.23411905713144227,0.4886136636036756,0.2273272073511786,0.03995205753096284,0.004794246903715541,0.0051937674790251695
11001007404,74.04,7404,11,1,1400000US11001007404,Census Tract 74.04,38.8503364,-76.9820932,1483.0,11.7,5.3,0.6954314720812182,0.30456852791878175,0.11385061638868746,0.0,0.6901234567901234,0.02157829839704069,0.0752157829839704,0.3039457459926017,0.45129469790382243,0.09186189889025893,0.056103575832305796
11001007301,73.01,7301,11,1,1400000US11001007301,Census Tract 73.01,38.834928,-77.024445,3135.0,3.8,6.2,1.0,0.0,0.29632408102025504,0.007501875468867217,0.30629139072847683,0.006906077348066298,0.006906077348066298,0.08977900552486189,0.6526243093922652,0.2361878453038674,0.007596685082872928
11001002702,27.02,2702,11,1,1400000US11001002702,Census Tract 27.02,38.930168,-77.0421774,1958.0,4.8,3.7,0.5089695452649144,0.4910304547350855,0.14559866499791405,0.03838130997079683,0.2721311475409836,0.15482334259626837,0.2628026994839222,0.1905518062723303,0.16077808654227868,0.10162763001190948,0.12941643509329098
11001008301,83.01,8301,11,1,1400000US11001008301,Census Tract 83.01,38.8970372,-77.0008008,2619.0,0.0,5.1,0.5144437615242778,0.4855562384757222,0.22556853103872157,0.006760909649661954,0.24752475247524752,0.07719714964370546,0.23990498812351543,0.25475059382422804,0.25593824228028506,0.10688836104513064,0.06532066508313539
11001001600,16.0,1600,11,1,1400000US11001001600,Census Tract 16,38.9849725,-77.0382324,2208.0,0.0,10.0,0.05757406372275014,0.9424259362772499,0.05142537730575741,0.010061486864169928,0.0,0.00975609756097561,0.05094850948509485,0.008672086720867209,0.3013550135501355,0.3853658536585366,0.24390243902439024
11001010500,105.0,10500,11,1,1400000US11001010500,Census Tract 105,38.8818529,-77.0133789,1990.0,10.9,2.7,0.6748726655348047,0.32512733446519526,0.18421052631578946,0.014431239388794566,0.34791252485089463,0.3116478379431243,0.38254772107518503,0.19166342033502143,0.0654460459680561,0.02025710946630308,0.02843786521231009
11001009204,92.04,9204,11,1,1400000US11001009204,Census Tract 92.04,38.9234161,-76.9987071,1392.0,3.3,3.3,0.8624305983960519,0.13756940160394818,0.24552745219000616,0.01727328809376928,0.5162220620043259,0.10321100917431193,0.4386467889908257,0.34575688073394495,0.08428899082568807,0.024655963302752295,0.0034403669724770644
11001007304,73.04,7304,11,1,1400000US11001007304,Census Tract 73.04,38.8417979,-76.9855591,1600.0,3.4,4.5,0.7162790697674418,0.2837209302325581,0.02744186046511628,0.0,0.6603896103896104,0.01297016861219196,0.1162991785559879,0.4989191526156507,0.29139645482057935,0.07392996108949416,0.00648508430609598
11001003000,30.0,3000,11,1,1400000US11001003000,Census Tract 30,38.9288689,-77.0299525,1390.0,5.1,3.4,0.7157829839704068,0.2842170160295931,0.17509247842170161,0.11528976572133169,0.42152466367713004,0.17624309392265194,0.2585635359116022,0.3298342541436464,0.14806629834254142,0.03038674033149171,0.0569060773480663
11001007502,75.02,7502,11,1,1400000US11001007502,Census Tract 75.02,38.8568592,-76.9697843,1378.0,9.3,4.6,0.8089473684210526,0.19105263157894736,0.02526315789473684,0.010526315789473684,0.44536652835408025,0.018281535648994516,0.2577696526508227,0.3619744058500914,0.3176416819012797,0.03610603290676417,0.008226691042047532
11001007503,75.03,7503,11,1,1400000US11001007503,Census Tract 75.03,38.8640724,-76.98709,1301.0,11.9,4.3,0.7111111111111111,0.28888888888888886,0.10158730158730159,0.0,0.564945226917058,0.01867572156196944,0.25212224108658743,0.3234295415959253,0.22241086587436332,0.11035653650254669,0.0730050933786078
11001000902,9.02,902,11,1,1400000US11001000902,Census Tract 9.02,38.9285125,-77.1077517,3501.0,0.0,10.0,0.1376470588235294,0.8623529411764705,0.07294117647058823,0.0,0.4857142857142857,0.011402508551881414,0.01596351197263398,0.06157354618015964,0.3409350057012543,0.3090079817559863,0.2611174458380844
11001001500,15.0,1500,11,1,1400000US11001001500,Census Tract 15,38.9741576,-77.0558797,3501.0,0.0,10.0,0.0472972972972973,0.9527027027027027,0.07915057915057915,0.0,0.620253164556962,0.01459188326493388,0.012767897856817145,0.038303693570451436,0.3748290013679891,0.3260373917008664,0.23347013223894209
11001009603,96.03,9603,11,1,1400000US11001009603,Census Tract 96.03,38.8918285,-76.9477195,1160.0,1.5,4.8,0.657748611812216,0.34225138818778394,0.07521453811206462,0.0,0.48580441640378547,0.05828071879553181,0.2797474502185527,0.26857697911607575,0.3322000971345313,0.0611947547353084,0.0
11001000501,5.01,501,11,1,1400000US11001000501,Census Tract 5.01,38.9264548,-77.051434,2339.0,5.2,3.3,0.8783783783783784,0.12162162162162163,0.2490990990990991,0.007207207207207207,0.38441003737319807,0.2137553731926534,0.4017194216490817,0.2606486908948808,0.07033997655334115,0.012895662368112544,0.04064087534193044
11001003302,33.02,3302,11,1,1400000US11001003302,Census Tract 33.02,38.9139237,-77.0111677,1990.0,3.2,4.8,0.45109780439121755,0.5489021956087824,0.21457085828343314,0.0,0.31725888324873097,0.07699619771863118,0.19391634980988592,0.21292775665399238,0.33745247148288976,0.13022813688212928,0.04847908745247148
11001008402,84.02,8402,11,1,1400000US11001008402,Census Tract 84.02,38.898596,-76.991021,1918.0,11.0,3.4,0.5495432185523542,0.45045678144764584,0.2853127196064652,0.011946591707659873,0.17135549872122763,0.15352449223416964,0.4038231780167264,0.17861409796893668,0.15232974910394265,0.0884109916367981,0.023297491039426525
11001009602,96.02,9602,11,1,1400000US11001009602,Census Tract 96.02,38.9035769,-76.9523616,1325.0,1.2,4.2,0.8454993282579489,0.15450067174205107,0.05150022391401702,0.014778325123152709,0.6514103246407663,0.04042553191489362,0.2527659574468085,0.4706382978723404,0.16595744680851063,0.06638297872340425,0.003829787234042553
11001000802,8.02,802,11,1,1400000US11001000802,Census Tract 8.02,38.9126765,-77.0896118,1841.0,2.0,6.5,0.4224965706447188,0.5775034293552812,0.18449931412894377,0.018518518518518517,0.30518234165067176,0.029182879377431907,0.35149156939040205,0.11219195849546044,0.13229571984435798,0.26394293125810636,0.11089494163424124
11001001301,13.01,1301,11,1,1400000US11001001301,Census Tract 13.01,38.9519215,-77.0520508,2101.0,4.2,3.8,0.6880382775119617,0.3119617224880383,0.09904306220095693,0.0,0.437635183850036,0.07199256850905712,0.4853692522062239,0.18950301904319555,0.052020436600092895,0.13190896423594983,0.06920575940548072
11001002001,20.01,2001,11,1,1400000US11001002001,Census Tract 20.01,38.9597034,-77.0351061,1513.0,1.5,3.3,0.6595555555555556,0.34044444444444444,0.1751111111111111,0.30133333333333334,0.39892183288409705,0.19111483654652137,0.3269069572506287,0.24140821458507963,0.06705783738474434,0.07041072925398156,0.10310142497904443
11001007708,77.08,7708,11,1,1400000US11001007708,Census Tract 77.08,38.8871944,-76.9606349,1191.0,0.0,3.4,0.8590078328981723,0.1409921671018277,0.1174934725848564,0.07136640557006092,0.40636474908200737,0.08670520231213873,0.4640792733278282,0.26424442609413706,0.09496284062758051,0.08009909165978531,0.00990916597853014
11001001402,14.02,1402,11,1,1400000US11001001402,Census Tract 14.02,38.9606051,-77.0630933,2057.0,8.8,5.5,0.38331318016928656,0.6166868198307134,0.039298669891172915,0.0,0.2431561996779388,0.13885714285714285,0.21828571428571428,0.1377142857142857,0.22457142857142856,0.2057142857142857,0.07485714285714286
11001004702,47.02,4702,11,1,1400000US11001004702,Census Tract 47.02,38.9008601,-77.0136108,2876.0,9.2,2.4,0.8931095406360424,0.1068904593639576,0.2826855123674912,0.11881625441696113,0.2941470735367684,0.24015904572564611,0.5395626242544732,0.20795228628230616,0.006361829025844931,0.005964214711729622,0.0
11001007601,76.01,7601,11,1,1400000US11001007601,Census Tract 76.01,38.8716327,-76.9798185,1369.0,3.6,4.1,0.6724553786782441,0.32754462132175594,0.10033767486734202,0.015918958031837915,0.3944402704733283,0.046453753629199505,0.26420572376607215,0.3728743260058067,0.22024056408129408,0.06014102032351721,0.03608461219411033
11001007504,75.04,7504,11,1,1400000US11001007504,Census Tract 75.04,38.8609955,-76.9796257,1302.0,1.6,4.1,0.6811808118081181,0.31881918819188193,0.16088560885608857,0.0,0.5795601552393272,0.07243460764587525,0.21797451374916163,0.5150905432595574,0.14755197853789404,0.046948356807511735,0.0
11001009902,99.02,9902,11,1,1400000US11001009902,Census Tract 99.02,38.8717861,-76.9445542,1402.0,5.1,7.0,0.163855421686747,0.8361445783132531,0.12610441767068273,0.0,0.5049019607843137,0.00927357032457496,0.03941267387944358,0.20401854714064915,0.7102009273570324,0.027820710973724884,0.00927357032457496
11001002600,26.0,2600,11,1,1400000US11001002600,Census Tract 26,38.9464323,-77.0404553,1875.0,5.2,10.0,0.27039106145251396,0.729608938547486,0.09385474860335195,0.05251396648044693,0.24017467248908297,0.04807692307692308,0.0673076923076923,0.05555555555555555,0.1581196581196581,0.37606837606837606,0.2948717948717949
11001009601,96.01,9601,11,1,1400000US11001009601,Census Tract 96.01,38.90913,-76.9490606,743.0,4.5,5.5,0.6690391459074733,0.3309608540925267,0.09134045077105575,0.0,0.28900709219858156,0.004362050163576881,0.07742639040348964,0.3936750272628135,0.3653217011995638,0.11559432933478735,0.04362050163576881
11001000202,2.02,202,11,1,1400000US11001000202,Census Tract 2.02,38.9063048,-77.0696362,3361.0,13.4,6.0,0.2685589519650655,0.7314410480349345,0.14192139737991266,0.007096069868995633,0.720173535791757,0.02225594334850784,0.14871016691957512,0.2589782498735458,0.3783510369246333,0.09863429438543247,0.09307030854830552
11001004300,43.0,4300,11,1,1400000US11001004300,Census Tract 43,38.916804,-77.0341511,2660.0,2.1,3.1,0.6701688555347092,0.3298311444652908,0.28180112570356475,0.03076923076923077,0.2558790593505039,0.1841556636553162,0.47289784572619875,0.2338429464906185,0.09972202918693537,0.002779708130646282,0.00660180681028492
11001006804,68.04,6804,11,1,1400000US11001006804,Census Tract 68.04,38.8863842,-76.9704836,,0.0,3.4,0.8333333333333334,0.16666666666666666,0.8333333333333334,0.0,0.0,0.0,0.5277777777777778,0.4722222222222222,0.0,0.0,0.0
11001004100,41.0,4100,11,1,1400000US11001004100,Census Tract 41,38.9159337,-77.0516151,2402.0,5.1,4.0,0.5222300635144672,0.47776993648553284,0.10938602681721948,0.006351446718419196,0.25595238095238093,0.13366336633663367,0.3372524752475248,0.19492574257425743,0.12314356435643564,0.10581683168316831,0.1051980198019802
11001010100,101.0,10100,11,1,1400000US11001010100,Census Tract 101,38.9026971,-77.0318472,2290.0,10.1,2.2,0.7256162915326902,0.27438370846730975,0.289924973204716,0.09967845659163987,0.3732612055641422,0.35336888027144936,0.3877847794474067,0.23412506059137178,0.015026660203587009,0.005332040717401842,0.004362578768783325
11001004901,49.01,4901,11,1,1400000US11001004901,Census Tract 49.01,38.9113296,-77.0244761,2690.0,2.6,3.1,0.7726558407543216,0.22734415924567836,0.19015191199580933,0.03300157150340492,0.4034843205574913,0.12840466926070038,0.433852140077821,0.24319066147859922,0.13521400778210116,0.04571984435797665,0.013618677042801557
11001005900,59.0,5900,11,1,1400000US11001005900,Census Tract 59,38.8959944,-77.0149475,2600.0,1.8,2.9,0.8610923803101821,0.13890761968981793,0.22589345920431558,0.015509103169251517,0.2310177705977383,0.18683385579937303,0.6068965517241379,0.17366771159874608,0.03260188087774295,0.0,0.0
11001009901,99.01,9901,11,1,1400000US11001009901,Census Tract 99.01,38.8753461,-76.9553332,1088.0,9.4,7.2,0.21436114044350582,0.7856388595564942,0.042238648363252376,0.0,0.5441176470588235,0.0,0.07414272474513438,0.13531047265987026,0.448563484708063,0.211306765523633,0.13067655236329936
11001007901,79.01,7901,11,1,1400000US11001007901,Census Tract 79.01,38.8965543,-76.9804319,1294.0,20.5,4.3,0.4689899586532782,0.5310100413467218,0.14412285883047843,0.0,0.5481283422459893,0.0,0.21838496698831894,0.36312849162011174,0.3179278821736922,0.09801929913661757,0.0025393600812595226
11001001803,18.03,1803,11,1,1400000US11001001803,Census Tract 18.03,38.9672412,-77.0419173,1299.0,2.3,3.6,0.8550207961972668,0.14497920380273321,0.0106951871657754,0.0707070707070707,0.3942161339421613,0.07249584947426674,0.478693967902601,0.3054786939679026,0.10459324847814057,0.028223574986164915,0.010514665190924184
11001007406,74.06,7406,11,1,1400000US11001007406,Census Tract 74.06,38.8555543,-76.9895582,1471.0,10.9,4.6,0.8998422712933754,0.10015772870662461,0.12066246056782334,0.0,0.4411492122335496,0.07623626373626374,0.01304945054945055,0.45467032967032966,0.41208791208791207,0.04395604395604396,0.0
11001003301,33.01,3301,11,1,1400000US11001003301,Census Tract 33.01,38.9204778,-77.0114293,3501.0,12.1,5.3,0.2604994324631101,0.7395005675368899,0.10442678774120318,0.0,0.09839816933638444,0.030558482613277135,0.13962065331928344,0.18493150684931506,0.34088514225500527,0.24710221285563752,0.05690200210748156
11001007604,76.04,7604,11,1,1400000US11001007604,Census Tract 76.04,38.8660921,-76.9638007,1512.0,8.7,4.3,0.6442062276671772,0.3557937723328229,0.1383358856559469,0.0,0.3727422003284072,0.058850574712643676,0.3328735632183908,0.31908045977011495,0.13057471264367815,0.1406896551724138,0.01793103448275862
11001007605,76.05,7605,11,1,1400000US11001007605,Census Tract 76.05,38.8660433,-76.9752566,1225.0,3.3,4.3,0.6693629929221436,0.3306370070778564,0.027300303336703743,0.09757330637007078,0.5083713850837138,0.12321181356714352,0.19981541301338257,0.4476234425473004,0.18320258421781263,0.046146746654360866,0.0
11001007603,76.03,7603,11,1,1400000US11001007603,Census Tract 76.03,38.859109,-76.9585469,1243.0,0.0,4.3,0.6520947176684881,0.34790528233151186,0.09790528233151184,0.0,0.1585195530726257,0.07877551020408163,0.1457142857142857,0.5016326530612245,0.21061224489795918,0.05714285714285714,0.006122448979591836
11001008100,81.0,8100,11,1,1400000US11001008100,Census Tract 81,38.893171,-76.9925272,2339.0,2.5,4.8,0.5310880829015544,0.4689119170984456,0.12888601036269431,0.0,0.1048780487804878,0.025721455457967377,0.35257214554579674,0.2691342534504391,0.22961104140526975,0.09096612296110414,0.031994981179422836
11001008200,82.0,8200,11,1,1400000US11001008200,Census Tract 82,38.8918309,-77.000604,1932.0,3.9,3.2,0.6574074074074074,0.3425925925925926,0.22883597883597884,0.009259259259259259,0.19560669456066945,0.13010501750291714,0.4235705950991832,0.2246207701283547,0.11435239206534423,0.09393232205367562,0.013418903150525088
11001008302,83.02,8302,11,1,1400000US11001008302,Census Tract 83.02,38.8963061,-76.9966527,2494.0,0.0,4.0,0.5844155844155844,0.4155844155844156,0.22536287242169595,0.008403361344537815,0.11709286675639301,0.08964558721334259,0.30785267546907574,0.3113273106323836,0.14107018763029883,0.09312022237665045,0.05698401667824878
11001008410,84.1,8410,11,1,1400000US11001008410,Census Tract 84.10,38.9015543,-76.9911234,3304.0,5.4,5.3,0.25088757396449707,0.749112426035503,0.22840236686390533,0.0,0.10101010101010101,0.011428571428571429,0.022857142857142857,0.4022857142857143,0.288,0.19085714285714286,0.08457142857142858
11001008701,87.01,8701,11,1,1400000US11001008701,Census Tract 87.01,38.9141018,-77.0062645,3501.0,7.4,5.4,0.3699825479930192,0.6300174520069808,0.12914485165794065,0.0,0.4221698113207547,0.0,0.18398096748612214,0.23076923076923078,0.3885804916732752,0.14591593973037273,0.05075337034099921
11001008002,80.02,8002,11,1,1400000US11001008002,Census Tract 80.02,38.8915403,-76.9827594,2331.0,13.7,5.4,0.3806179775280899,0.6193820224719101,0.14185393258426968,0.0,0.18882466281310212,0.005825242718446602,0.23624595469255663,0.2627831715210356,0.29320388349514565,0.1656957928802589,0.036245954692556634
11001008702,87.02,8702,11,1,1400000US11001008702,Census Tract 87.02,38.9150961,-77.0013085,1975.0,3.1,3.0,0.7411331183786274,0.2588668816213726,0.19760479041916168,0.0,0.24236517218973358,0.15070921985815602,0.45656028368794327,0.13430851063829788,0.18838652482269502,0.06648936170212766,0.0035460992907801418
11001007703,77.03,7703,11,1,1400000US11001007703,Census Tract 77.03,38.8863224,-76.947455,1175.0,4.1,5.5,0.6250541829215431,0.37494581707845687,0.13957520589510186,0.07022106631989597,0.3556998556998557,0.02449979583503471,0.2625561453654553,0.2760310330747244,0.3601469987750102,0.05634953042057983,0.02041649652919559
11001007707,77.07,7707,11,1,1400000US11001007707,Census Tract 77.07,38.8779453,-76.9353432,1235.0,0.0,5.5,0.5354030501089324,0.46459694989106753,0.08660130718954248,0.0,0.6666666666666666,0.008370260955194485,0.1935007385524372,0.3722304283604136,0.36484490398818314,0.06105366814377154,0.0
11001007709,77.09,7709,11,1,1400000US11001007709,Census Tract 77.09,38.879862,-76.9675363,1166.0,2.1,4.3,0.8221872541306058,0.1778127458693942,0.029110936270653028,0.02675059008654603,0.5209756097560976,0.11598513011152416,0.3033457249070632,0.1962825278810409,0.13308550185873605,0.09888475836431226,0.1524163568773234
11001007803,78.03,7803,11,1,1400000US11001007803,Census Tract 78.03,38.8962674,-76.9407751,1216.0,3.4,4.2,0.6080063416567578,0.3919936583432422,0.04399524375743163,0.029726516052318668,0.40216550657385924,0.12677053824362605,0.221671388101983,0.31798866855524077,0.26487252124645894,0.037181303116147306,0.03151558073654391
11001007804,78.04,7804,11,1,1400000US11001007804,Census Tract 78.04,38.8942107,-76.9313427,1090.0,2.5,5.4,0.7325361862806796,0.2674638137193203,0.028319697923222153,0.0,0.49140893470790376,0.010095642933049946,0.14984059511158343,0.3926673751328374,0.3427205100956429,0.077577045696068,0.02709883103081828
11001008803,88.03,8803,11,1,1400000US11001008803,Census Tract 88.03,38.9104603,-76.9913622,1893.0,7.7,3.1,0.9163830821584832,0.08361691784151677,0.32134175984443364,0.02868254739912494,0.2757847533632287,0.19651212250106337,0.32369204593789874,0.4193960017014037,0.05104210974053594,0.009357720119098255,0.0
11001008804,88.04,8804,11,1,1400000US11001008804,Census Tract 88.04,38.9102408,-76.9812669,1698.0,17.7,3.5,0.5607973421926911,0.439202657807309,0.11495016611295682,0.0,0.47393364928909953,0.03370194839389152,0.3844128488678252,0.4191679831490258,0.13849394418114797,0.02422327540810953,0.0
11001008903,89.03,8903,11,1,1400000US11001008903,Census Tract 89.03,38.9041579,-76.977718,2088.0,8.1,3.6,0.7975059382422803,0.20249406175771972,0.08966745843230403,0.07363420427553444,0.5298273155416012,0.07862281603288798,0.4105858170606372,0.32579650565262075,0.12692702980472764,0.05806783144912641,0.0
11001008904,89.04,8904,11,1,1400000US11001008904,Census Tract 89.04,38.9009808,-76.9748514,1390.0,2.9,3.7,0.7931793179317932,0.2068206820682068,0.0484048404840484,0.009900990099009901,0.3963503649635037,0.03964321110009911,0.408820614469772,0.36372646184340934,0.1377601585728444,0.050049554013875126,0.0
11001008802,88.02,8802,11,1,1400000US11001008802,Census Tract 88.02,38.9039498,-76.9866786,1436.0,6.3,4.1,0.5239551478083588,0.47604485219164117,0.16870540265035677,0.01834862385321101,0.4421906693711968,0.03839205058717254,0.3992773261065944,0.20776874435411022,0.24570912375790424,0.06955736224028906,0.03929539295392954
11001009810,98.1,9810,11,1,1400000US11001009810,Census Tract 98.10,38.826037,-77.0037886,1169.0,0.0,3.7,0.9717314487632509,0.028268551236749116,0.0,0.0,0.5349907918968693,0.01751459549624687,0.3469557964970809,0.5663052543786489,0.06922435362802336,0.0,0.0
11001010800,108.0,10800,11,1,1400000US11001010800,Census Tract 108,38.8973521,-77.044612,2142.0,19.0,2.4,0.9365404298874105,0.06345957011258956,0.4483111566018424,0.032753326509723645,0.7310087173100872,0.43362193362193363,0.4704184704184704,0.09163059163059163,0.004329004329004329,0.0,0.0
11001011100,111.0,11100,11,1,1400000US11001011100,Census Tract 111,38.9158612,-76.9681631,530.0,2.9,5.3,0.42479784366576817,0.5752021563342318,0.1018867924528302,0.0037735849056603774,0.5464949928469242,0.2362008950770761,0.06613625062158131,0.20437593237195426,0.24465440079562406,0.20636499254102436,0.04226752859273993
11001009000,90.0,9000,11,1,1400000US11001009000,Census Tract 90,38.9226934,-76.9545101,1300.0,6.0,4.3,0.5044062106588334,0.4955937893411666,0.10574905581200168,0.01049097775912715,0.45174708818635606,0.06629392971246006,0.2795527156549521,0.2847444089456869,0.31589456869009586,0.042731629392971246,0.010782747603833865
11001009102,91.02,9102,11,1,1400000US11001009102,Census Tract 91.02,38.9187926,-76.9888946,1137.0,7.8,4.3,0.6276651066042642,0.37233489339573583,0.09464378575143005,0.0,0.27374784110535405,0.02154398563734291,0.4452423698384201,0.1651705565529623,0.32046678635547576,0.04757630161579892,0.0
11001009811,98.11,9811,11,1,1400000US11001009811,Census Tract 98.11,38.826651,-76.9984594,1145.0,10.3,4.2,0.8423700391280045,0.15762996087199552,0.10844046953605366,0.006707657909446618,0.37393767705382436,0.048660714285714286,0.30223214285714284,0.31875,0.2638392857142857,0.05580357142857143,0.010714285714285714
11001001002,10.02,1002,11,1,1400000US11001001002,Census Tract 10.02,38.9384216,-77.0788872,2372.0,15.1,3.3,0.59072375127421,0.40927624872579,0.2222222222222222,0.0,0.3860103626943005,0.11541774332472007,0.5938845822566753,0.1821705426356589,0.09517657192075797,0.013350559862187769,0.0
11001007807,78.07,7807,11,1,1400000US11001007807,Census Tract 78.07,38.8985783,-76.9210632,1104.0,3.9,5.1,0.4309031556039173,0.5690968443960827,0.07181719260065289,0.01958650707290533,0.5944444444444444,0.027635619242579325,0.16376663254861823,0.27021494370522003,0.33162743091095187,0.17911975435005117,0.027635619242579325
11001007806,78.06,7806,11,1,1400000US11001007806,Census Tract 78.06,38.9055926,-76.932552,1178.0,7.7,4.2,0.5528804815133276,0.4471195184866724,0.06362854686156492,0.014617368873602751,0.5806451612903226,0.06007905138339921,0.341501976284585,0.2671936758893281,0.2450592885375494,0.06798418972332015,0.01818181818181818
11001007808,78.08,7808,11,1,1400000US11001007808,Census Tract 78.08,38.8922212,-76.9192026,902.0,4.2,5.5,0.43525641025641026,0.5647435897435897,0.13012820512820514,0.0,0.4551282051282051,0.005962059620596206,0.2720867208672087,0.3241192411924119,0.2775067750677507,0.10569105691056911,0.014634146341463415
11001009201,92.01,9201,11,1,1400000US11001009201,Census Tract 92.01,38.9287161,-76.9990184,2010.0,8.5,3.2,0.574088440651668,0.425911559348332,0.2505818463925524,0.047323506594259115,0.4764705882352941,0.0736156351791531,0.43908794788273614,0.1485342019543974,0.26514657980456025,0.0736156351791531,0.0
11001009203,92.03,9203,11,1,1400000US11001009203,Census Tract 92.03,38.9219735,-77.0054956,1930.0,0.0,4.8,0.5744408945686901,0.4255591054313099,0.08626198083067092,0.0,0.358974358974359,0.10223642172523961,0.22236421725239616,0.16869009584664538,0.4268370607028754,0.07987220447284345,0.0
11001009301,93.01,9301,11,1,1400000US11001009301,Census Tract 93.01,38.9307613,-76.9864892,,2.6,7.5,0.24206069160197602,0.757939308398024,0.06986591390261115,0.008468595624558928,0.13702623906705538,0.0,0.009652509652509652,0.20913770913770913,0.4588159588159588,0.1994851994851995,0.12290862290862291
11001009302,93.02,9302,11,1,1400000US11001009302,Census Tract 93.02,38.9251636,-76.9907773,2158.0,7.1,4.0,0.6034136546184738,0.3965863453815261,0.2469879518072289,0.0050200803212851405,0.5927342256214149,0.02960222016651249,0.2923219241443108,0.3098982423681776,0.2072155411655874,0.09158186864014801,0.06938020351526364
11001001100,11.0,1100,11,1,1400000US11001001100,Census Tract 11,38.9572432,-77.0776732,2322.0,11.1,4.4,0.41642512077294686,0.5835748792270531,0.15555555555555556,0.0,0.39346811819595645,0.24086661002548854,0.17332200509770604,0.17587085811384875,0.1312659303313509,0.17969413763806288,0.0989804587935429
11001001200,12.0,1200,11,1,1400000US11001001200,Census Tract 12,38.9462221,-77.0705215,2062.0,4.1,4.1,0.4556910569105691,0.5443089430894309,0.18902439024390244,0.0,0.4477468839884947,0.09310214851111949,0.3758009800226159,0.09950998869204673,0.20731247644176404,0.1699962306822465,0.05427817565020731
11001001401,14.01,1401,11,1,1400000US11001001401,Census Tract 14.01,38.9653036,-77.0706075,1842.0,6.7,7.2,0.39008142116950406,0.6099185788304959,0.17986676535899335,0.011102886750555145,0.24857685009487665,0.09180790960451977,0.2323446327683616,0.07768361581920905,0.19491525423728814,0.2542372881355932,0.14901129943502825
11001009804,98.04,9804,11,1,1400000US11001009804,Census Tract 98.04,38.8420148,-76.997258,1410.0,7.9,4.5,0.7463768115942029,0.2536231884057971,0.0,0.013457556935817806,0.5716395864106352,0.01216089803554724,0.23105706267539758,0.3161833489242282,0.2806361085126286,0.13564078578110383,0.02432179607109448
11001001702,17.02,1702,11,1,1400000US11001001702,Census Tract 17.02,38.9717231,-77.0160682,2088.0,14.9,4.0,0.5089230769230769,0.4910769230769231,0.09538461538461539,0.021538461538461538,0.3432098765432099,0.041802388707926165,0.34527687296416937,0.2676438653637351,0.20521172638436483,0.06623235613463627,0.0738327904451683
11001010300,103.0,10300,11,1,1400000US11001010300,Census Tract 103,38.9761556,-77.0271875,1325.0,3.1,4.4,0.49611973392461195,0.503880266075388,0.23725055432372505,0.045454545454545456,0.5273743016759777,0.2,0.19946808510638298,0.17606382978723403,0.2968085106382979,0.06595744680851064,0.06170212765957447
11001001804,18.04,1804,11,1,1400000US11001001804,Census Tract 18.04,38.9670945,-77.0304334,1456.0,0.0,4.3,0.6659989984977466,0.33400100150225337,0.12769153730595895,0.05257886830245368,0.5349922239502333,0.06312900274473925,0.302836230558097,0.3142726440988106,0.21363220494053065,0.08417200365965233,0.021957913998170174
11001001901,19.01,1901,11,1,1400000US11001001901,Census Tract 19.01,38.9646853,-77.0236327,1543.0,0.0,6.9,0.15018094089264172,0.8498190591073582,0.033172496984318456,0.0048250904704463205,0.14937759336099585,0.0,0.06052193225985564,0.044975013881177126,0.529705719044975,0.3048306496390894,0.059966685174902834
11001001902,19.02,1902,11,1,1400000US11001001902,Census Tract 19.02,38.9639299,-77.0156458,1310.0,0.0,7.7,0.15840386940749698,0.841596130592503,0.009673518742442563,0.009673518742442563,0.13445378151260504,0.04805491990846682,0.059496567505720827,0.05377574370709382,0.3684210526315789,0.39588100686498856,0.07437070938215103
11001005001,50.01,5001,11,1,1400000US11001005001,Census Tract 50.01,38.9119619,-77.0295088,2884.0,11.5,3.9,0.375,0.625,0.21195652173913043,0.004528985507246377,0.1485148514851485,0.01800327332242226,0.3019639934533552,0.411620294599018,0.12438625204582651,0.09574468085106383,0.04828150572831424
11001009807,98.07,9807,11,1,1400000US11001009807,Census Tract 98.07,38.8292038,-77.0117577,1177.0,3.6,4.1,0.7304147465437788,0.2695852534562212,0.0956221198156682,0.07027649769585254,0.2235597592433362,0.05368421052631579,0.4557894736842105,0.3021052631578947,0.11736842105263158,0.06421052631578947,0.006842105263157895
11001009802,98.02,9802,11,1,1400000US11001009802,Census Tract 98.02,38.8307312,-76.9965578,,6.7,4.9,0.6612529002320185,0.33874709976798145,0.08236658932714618,0.0,0.44212523719165087,0.03429796355841372,0.13719185423365488,0.48017148981779206,0.31511254019292606,0.03322615219721329,0.0
11001009803,98.03,9803,11,1,1400000US11001009803,Census Tract 98.03,38.8356929,-77.0043421,1206.0,7.6,3.5,0.8187820983125459,0.18121790168745414,0.0,0.019075568598679385,0.6612318840579711,0.058935361216730035,0.39923954372623577,0.3396704689480355,0.16856780735107732,0.03358681875792142,0.0
11001002002,20.02,2002,11,1,1400000US11001002002,Census Tract 20.02,38.9525009,-77.0310824,2192.0,9.8,6.8,0.16468253968253968,0.8353174603174603,0.07076719576719577,0.011243386243386243,0.34782608695652173,0.03625,0.085625,0.185625,0.27125,0.24875,0.1725
11001002101,21.01,2101,11,1,1400000US11001002101,Census Tract 21.01,38.9559119,-77.0241312,1557.0,0.0,4.9,0.4671707122960605,0.5328292877039396,0.06884202148826105,0.0354158376442499,0.2774725274725275,0.013152804642166345,0.2495164410058027,0.2688588007736944,0.2344294003868472,0.19729206963249515,0.0367504835589942
11001002900,29.0,2900,11,1,1400000US11001002900,Census Tract 29,38.9338478,-77.0299131,1973.0,7.3,4.9,0.45109662122110256,0.5489033787788975,0.27563722584469474,0.03971547125074096,0.26141078838174275,0.021511017838405037,0.2334732423924449,0.2030430220356768,0.33840503672612804,0.16684155299055614,0.03672612801678909
11001003100,31.0,3100,11,1,1400000US11001003100,Census Tract 31,38.930617,-77.0254235,2181.0,4.4,3.5,0.4684402712571727,0.5315597287428273,0.24308815858111632,0.004694835680751174,0.24447031431897556,0.1163255117324014,0.2765851223165252,0.255117324013979,0.22466300549176235,0.08387418871692462,0.04343484772840739
11001003200,32.0,3200,11,1,1400000US11001003200,Census Tract 32,38.9322375,-77.0211591,1552.0,5.0,5.0,0.3341404358353511,0.6658595641646489,0.08232445520581114,0.007869249394673124,0.34601449275362317,0.014499758337361043,0.1445142580956984,0.3083615273078782,0.3484775253745771,0.16868052199130015,0.015466408893185114
11001003400,34.0,3400,11,1,1400000US11001003400,Census Tract 34,38.9221674,-77.0177044,2242.0,11.8,3.8,0.6047463175122749,0.395253682487725,0.21685761047463176,0.0,0.338865836791148,0.0411639460610362,0.3044712562100781,0.2782114975159688,0.25621007806955287,0.10290986515259049,0.017033356990773598
11001003500,35.0,3500,11,1,1400000US11001003500,Census Tract 35,38.9223765,-77.024341,2507.0,9.8,3.1,0.7404299947561616,0.2595700052438385,0.3765076035658102,0.027267960146827478,0.3959121877365632,0.16940133037694013,0.35698447893569846,0.28780487804878047,0.11352549889135255,0.06829268292682927,0.003991130820399113
